StartDate,EndDate,Status,Progress,Duration (in seconds),Finished,RecordedDate,ResponseId,DistributionChannel,UserLanguage,Q1.2,Q1.3,Q2.1,Q2.2,Q2.3,Q2.4,Q3.1_1,Q3.1_2,Q3.1_3,Q3.1_4,Q4.1,Q4.2,Q4.3_1,Q4.3_2,Q4.3_3,Q5.1,Q5.2,Q6.1_1,Q6.2_1,Q6.3,Q6.3_4_TEXT
Start Date,End Date,Response Type,Progress,Duration (in seconds),Finished,Recorded Date,Response ID,Distribution Channel,User Language,"Do you acknowledge that your participation in the study is voluntary, your responses will be recorded, that you are at least 18 years old, and that you are aware that you may choose to terminate your participation in the study at any time and for any reason?",Are you currently attending university in The Netherlands?,How frequently do you think individuals are being recorded in public without their consent?,Have you ever encountered a post on social media featuring an individual being recorded without their consent?,How often do you encounter posts featuring an individual being recorded without their consent?,Has anyone ever recorded you in public without your consent?,To what extent do you agree or disagree with the following statements? - It is ethical for individuals to record other individuals in public without their consent,To what extent do you agree or disagree with the following statements? - I have considered recording another individual in public without their consent,To what extent do you agree or disagree with the following statements? - Individuals who have recorded others in public without consent should be allowed to post these recordings on social media,"To what extent do you agree or disagree with the following statements? - Since an individual is in a public space, other individuals should be allowed to record their behaviour without their consent",How comfortable are you when someone is recording other individuals in a public space?,How likely do you think it is that you will be recorded in public for your behavior?,To what extent do you agree or disagree with the following statements? - I am more conscious of my actions in public,To what extent do you agree or disagree with the following statements? - I am afraid I will be recorded in public without my consent,To what extent do you agree or disagree with the following statements? - I trust people to record me appropriately in public,Are you aware of laws in The Netherlands pertaining to recording others without their consent?,Do you think there should be stronger regulations pertaining recording others without their consent?,What is your year of birth? - 1,What is your nationality? - 1,What gender do you currently identify as? - Selected Choice,What gender do you currently identify as? - Other - Text
"{""ImportId"":""startDate"",""timeZone"":""America/Denver""}","{""ImportId"":""endDate"",""timeZone"":""America/Denver""}","{""ImportId"":""status""}","{""ImportId"":""progress""}","{""ImportId"":""duration""}","{""ImportId"":""finished""}","{""ImportId"":""recordedDate"",""timeZone"":""America/Denver""}","{""ImportId"":""_recordId""}","{""ImportId"":""distributionChannel""}","{""ImportId"":""userLanguage""}","{""ImportId"":""QID34""}","{""ImportId"":""QID18""}","{""ImportId"":""QID26""}","{""ImportId"":""QID27""}","{""ImportId"":""QID22""}","{""ImportId"":""QID21""}","{""ImportId"":""QID47_4""}","{""ImportId"":""QID47_6""}","{""ImportId"":""QID47_9""}","{""ImportId"":""QID47_10""}","{""ImportId"":""QID24""}","{""ImportId"":""QID39""}","{""ImportId"":""QID48_1""}","{""ImportId"":""QID48_2""}","{""ImportId"":""QID48_3""}","{""ImportId"":""QID41""}","{""ImportId"":""QID42""}","{""ImportId"":""QID13_1""}","{""ImportId"":""QID17_1""}","{""ImportId"":""QID44""}","{""ImportId"":""QID44_4_TEXT""}"
30/11/2023 10:28,30/11/2023 10:30,IP Address,100,102,TRUE,30/11/2023 10:30,R_3HvoG8dUAD28XCj,anonymous,EN,Yes,Yes,Frequently,Yes,Very frequently,Yes,Neutral,Strongly Agree,Disagree,Neutral,Somewhat uncomfortable,Neutral,Agree,Neutral,Agree,Neutral,Unsure,2005,German,Female,
30/11/2023 10:29,30/11/2023 10:31,IP Address,100,127,TRUE,30/11/2023 10:31,R_YPk1eLYdbD8O4FP,anonymous,EN,Yes,Yes,Very frequently,Yes,Frequently,Unsure,Neutral,Agree,Neutral,Agree,Somewhat uncomfortable,Somewhat Unlikely,Agree,Disagree,Disagree,Very unaware,Unsure,2003,Hungarian,Female,
30/11/2023 10:32,30/11/2023 10:34,IP Address,100,127,TRUE,30/11/2023 10:34,R_8CeDMxAfuQvHpx7,anonymous,EN,Yes,Yes,Frequently,Yes,Occasionally,Unsure,Disagree,Neutral,Disagree,Neutral,Neutral,Somewhat Unlikely,Agree,Neutral,Neutral,Very unaware,Unsure,2003,New Zealander,Female,
30/11/2023 11:57,30/11/2023 11:59,IP Address,100,144,TRUE,30/11/2023 11:59,R_dnihPVp8FWZmqsN,anonymous,EN,Yes,Yes,Frequently,Yes,Occasionally,Unsure,Disagree,Disagree,Strongly Disagree,Strongly Disagree,Somewhat uncomfortable,Neutral,Neutral,Agree,Disagree,Unaware,Yes,2004,Vietnamese,Female,
30/11/2023 13:00,30/11/2023 13:00,IP Address,100,9,TRUE,30/11/2023 13:00,R_8ri1E6PJzYr8sRb,anonymous,EN,Yes,No,,,,,,,,,,,,,,,,,,,
30/11/2023 13:31,30/11/2023 13:33,IP Address,100,98,TRUE,30/11/2023 13:33,R_u7KvTj1QkIiFDeF,anonymous,EN,Yes,Yes,Frequently,Yes,Frequently,Yes,Disagree,Neutral,Agree,Agree,Somewhat uncomfortable,Somewhat Unlikely,Strongly Agree,Disagree,Agree,Very unaware,Unsure,1999,Portuguese,Male,
30/11/2023 13:28,30/11/2023 13:34,IP Address,100,346,TRUE,30/11/2023 13:34,R_RCh0LgoFjG9AStP,anonymous,EN,Yes,Yes,Very frequently,Yes,Very frequently,Yes,Neutral,Agree,Strongly Disagree,Disagree,Somewhat uncomfortable,Somewhat Likely,Agree,Agree,Disagree,Unaware,Yes,1999,Canadian,Female,
30/11/2023 14:01,30/11/2023 14:03,IP Address,100,121,TRUE,30/11/2023 14:03,R_1FkNefP3EeItZhK,anonymous,EN,Yes,Yes,Occasionally,Yes,Occasionally,No,Neutral,Agree,Neutral,Neutral,Neutral,Very Unlikely,Agree,Disagree,Neutral,Unaware,No,2003,American,Male,
30/11/2023 14:46,30/11/2023 14:48,IP Address,100,142,TRUE,30/11/2023 14:48,R_23dWzNg26Vt5riO,anonymous,EN,Yes,No,,,,,,,,,,,,,,,,,,,
30/11/2023 14:58,30/11/2023 14:59,IP Address,100,41,TRUE,30/11/2023 14:59,R_Q3t1hTpoIdQ5CuJ,anonymous,EN,Yes,No,,,,,,,,,,,,,,,,,,,
30/11/2023 15:08,30/11/2023 15:13,IP Address,100,249,TRUE,30/11/2023 15:13,R_2BncQhNuL76ocNp,anonymous,EN,Yes,Yes,Frequently,Yes,Frequently,Unsure,Disagree,Disagree,Strongly Disagree,Strongly Disagree,Somewhat uncomfortable,Somewhat Unlikely,Agree,Strongly Disagree,Neutral,Aware,Unsure,1992,Dutch,Male,
30/11/2023 15:42,30/11/2023 15:42,IP Address,100,57,TRUE,30/11/2023 15:42,R_zdn3MCdxcNF0HbX,anonymous,EN,Yes,Yes,Very frequently,Yes,Very frequently,Yes,Strongly Disagree,Strongly Disagree,Strongly Disagree,Strongly Disagree,Extremely uncomfortable,Very Likely,Strongly Disagree,Strongly Disagree,Strongly Disagree,Very aware,Yes,1907,Albanian,Male,
01/12/2023 7:46,01/12/2023 8:02,IP Address,100,972,TRUE,01/12/2023 8:03,R_3NQfhvNlLvlCWys,anonymous,EN,Yes,Yes,Frequently,Yes,Rarely,Unsure,Disagree,Strongly Disagree,Neutral,Neutral,Neutral,Somewhat Unlikely,Agree,Disagree,Agree,Aware,Yes,2003,Dutch,Male,
02/12/2023 10:17,02/12/2023 10:21,IP Address,100,213,TRUE,02/12/2023 10:21,R_UyTExd5veyNtHZD,anonymous,EN,Yes,Yes,Very frequently,Yes,Occasionally,Yes,Agree,Agree,Disagree,Strongly Agree,Somewhat uncomfortable,Somewhat Unlikely,Strongly Agree,Neutral,Neutral,Aware,No,1999,Dutch,Male,
02/12/2023 11:45,02/12/2023 11:51,IP Address,100,366,TRUE,02/12/2023 11:51,R_3EaMghRKoyARwyf,anonymous,EN,Yes,Yes,Frequently,Yes,Frequently,Unsure,Disagree,Strongly Disagree,Disagree,Neutral,Somewhat uncomfortable,Somewhat Likely,Agree,Agree,Disagree,Aware,Unsure,2003,Dutch,Male,
03/12/2023 7:15,03/12/2023 7:18,IP Address,100,194,TRUE,03/12/2023 7:18,R_UlQiNqsuOAqW5Yl,anonymous,EN,Yes,Yes,Rarely,Yes,Occasionally,Yes,Neutral,Neutral,Neutral,Agree,Somewhat uncomfortable,Somewhat Unlikely,Agree,Neutral,Disagree,Unaware,No,2005,British,Female,
03/12/2023 11:58,03/12/2023 12:30,IP Address,100,1962,TRUE,03/12/2023 12:30,R_2D5iwRhE3BhOmt4,anonymous,EN,Yes,Yes,Occasionally,Yes,Frequently,Yes,Strongly Disagree,Strongly Disagree,Strongly Disagree,Strongly Disagree,Somewhat uncomfortable,Somewhat Likely,Agree,Disagree,Disagree,Very aware,Yes,1999,Dutch,Female,
04/12/2023 1:53,04/12/2023 2:14,IP Address,100,1220,TRUE,04/12/2023 2:14,R_1roZ8CqSg4k5cYJ,anonymous,EN,Yes,Yes,Occasionally,Yes,Rarely,Unsure,Strongly Disagree,Neutral,Disagree,Disagree,Somewhat uncomfortable,Neutral,Agree,Agree,Agree,Neutral,Yes,2005,Cambodian,Female,
04/12/2023 3:31,04/12/2023 3:36,IP Address,100,282,TRUE,04/12/2023 3:36,R_33qW8pRSFeWLdEa,anonymous,EN,Yes,Yes,Frequently,Yes,Frequently,Unsure,Agree,Agree,Agree,Agree,Somewhat uncomfortable,Somewhat Unlikely,Agree,Agree,Neutral,Aware,Unsure,2005,Dutch,Male,
04/12/2023 4:18,04/12/2023 4:21,IP Address,100,187,TRUE,04/12/2023 4:21,R_3HZDhtSJQ5VgeWE,anonymous,EN,Yes,Yes,Very frequently,Yes,Very frequently,Yes,Strongly Disagree,Strongly Agree,Strongly Disagree,Strongly Disagree,Somewhat uncomfortable,Somewhat Unlikely,Strongly Agree,Disagree,Strongly Disagree,Very unaware,Yes,2003,Dutch,Male,
04/12/2023 4:34,04/12/2023 4:37,IP Address,100,226,TRUE,04/12/2023 4:37,R_3eslSWVpQHg1jMT,anonymous,EN,Yes,Yes,Frequently,Yes,Frequently,Unsure,Neutral,Neutral,Disagree,Neutral,Somewhat uncomfortable,Somewhat Unlikely,Agree,Agree,Disagree,Unaware,Yes,2004,Indonesian,Female,
04/12/2023 5:11,04/12/2023 5:11,IP Address,100,7,TRUE,04/12/2023 5:11,R_2w1drD5XV4AGn2a,anonymous,EN,No,,,,,,,,,,,,,,,,,,,,
04/12/2023 6:06,04/12/2023 6:08,IP Address,100,162,TRUE,04/12/2023 6:08,R_2OOn9aeEvMaTOk4,anonymous,EN,Yes,Yes,Frequently,Yes,Very frequently,Unsure,Neutral,Agree,Disagree,Disagree,Extremely uncomfortable,Somewhat Unlikely,Agree,Strongly Agree,Disagree,Very unaware,Yes,2005,Dutch,Female,
04/12/2023 6:11,04/12/2023 6:13,IP Address,100,105,TRUE,04/12/2023 6:13,R_3MF0iWI7xCMuRPm,anonymous,EN,Yes,Yes,Frequently,Yes,Occasionally,Unsure,Neutral,Strongly Agree,Disagree,Neutral,Somewhat uncomfortable,Very Unlikely,Agree,Strongly Disagree,Agree,Very unaware,Yes,2004,Finnish,Non-binary,
04/12/2023 6:23,04/12/2023 6:26,IP Address,100,162,TRUE,04/12/2023 6:26,R_XsUJp0r3R5OTAe5,anonymous,EN,Yes,Yes,Frequently,Yes,Frequently,Unsure,Strongly Disagree,Disagree,Disagree,Disagree,Somewhat uncomfortable,Somewhat Unlikely,Agree,Neutral,Disagree,Very unaware,Unsure,2002,Polish,Female,
04/12/2023 6:23,04/12/2023 6:27,IP Address,100,253,TRUE,04/12/2023 6:27,R_3DwHRCBsjpePWcN,anonymous,EN,Yes,Yes,Frequently,Yes,Frequently,Unsure,Agree,Agree,Agree,Agree,Somewhat uncomfortable,Neutral,Strongly Agree,Strongly Agree,Disagree,Unaware,Yes,2005,Turkish,Female,
04/12/2023 6:29,04/12/2023 6:32,IP Address,100,164,TRUE,04/12/2023 6:32,R_1Nw4uJGih1nN5Qc,anonymous,EN,Yes,Yes,Occasionally,Yes,Occasionally,Unsure,Neutral,Disagree,Neutral,Agree,Somewhat uncomfortable,Somewhat Unlikely,Agree,Disagree,Neutral,Aware,No,2001,Dutch,Female,
04/12/2023 6:34,04/12/2023 6:37,IP Address,100,188,TRUE,04/12/2023 6:37,R_4Zyt0VCaDAwgZIB,anonymous,EN,Yes,Yes,Very frequently,Yes,Occasionally,Unsure,Strongly Disagree,Strongly Disagree,Strongly Disagree,Disagree,Somewhat uncomfortable,Somewhat Likely,Agree,Neutral,Disagree,Unaware,Unsure,2004,Greek,Female,
04/12/2023 7:03,04/12/2023 7:05,IP Address,100,137,TRUE,04/12/2023 7:05,R_2WUaL86EikQ4CaM,anonymous,EN,Yes,Yes,Frequently,Yes,Occasionally,Unsure,Disagree,Disagree,Disagree,Neutral,Somewhat uncomfortable,Somewhat Likely,Agree,Neutral,Agree,Unaware,Yes,2004,Czech,Male,
04/12/2023 7:03,04/12/2023 7:06,IP Address,100,217,TRUE,04/12/2023 7:06,R_3EXf1BuwB5FPDAd,anonymous,EN,Yes,Yes,Very frequently,Yes,Frequently,Unsure,Disagree,Agree,Neutral,Disagree,Somewhat uncomfortable,Somewhat Likely,Strongly Agree,Neutral,Disagree,Very unaware,Unsure,2005,Polish,Female,
04/12/2023 7:03,04/12/2023 7:06,IP Address,100,228,TRUE,04/12/2023 7:06,R_2zwHtJmCetWvjbV,anonymous,EN,Yes,Yes,Frequently,Yes,Frequently,Unsure,Disagree,Agree,Strongly Disagree,Disagree,Somewhat uncomfortable,Somewhat Likely,Disagree,Disagree,Agree,Unaware,Yes,2003,German,Female,
04/12/2023 6:50,04/12/2023 7:18,IP Address,100,1721,TRUE,04/12/2023 7:18,R_1i21MSAs6J8gTwi,anonymous,EN,Yes,Yes,Very frequently,Yes,Frequently,Yes,Neutral,Agree,Disagree,Neutral,Neutral,Very Likely,Strongly Agree,Neutral,Agree,Unaware,Unsure,2004,Taiwanese,Male,
04/12/2023 8:33,04/12/2023 8:38,IP Address,100,327,TRUE,04/12/2023 8:38,R_2rphrQTZqwjfODE,anonymous,EN,Yes,Yes,Occasionally,Yes,Very frequently,Yes,Agree,Agree,Agree,Agree,Somewhat uncomfortable,Somewhat Unlikely,Disagree,Neutral,Strongly Disagree,Unaware,Unsure,2001,Dutch,Male,
04/12/2023 7:09,04/12/2023 8:45,IP Address,100,5742,TRUE,04/12/2023 8:45,R_2yemU0UeV6SLu3t,anonymous,EN,Yes,Yes,Frequently,Yes,Occasionally,Yes,Disagree,Agree,Neutral,Neutral,Somewhat uncomfortable,Somewhat Unlikely,Agree,Disagree,Neutral,Very unaware,Unsure,2005,Iraqi,Female,
04/12/2023 9:11,04/12/2023 9:17,IP Address,100,411,TRUE,04/12/2023 9:17,R_vf3qNZYqr4Bp5Ul,anonymous,EN,Yes,Yes,Occasionally,Yes,Rarely,Unsure,Neutral,Agree,Neutral,Agree,Neutral,Somewhat Likely,Agree,Strongly Disagree,Agree,Aware,Yes,2005,Dutch,Male,
04/12/2023 10:09,04/12/2023 10:13,IP Address,100,213,TRUE,04/12/2023 10:13,R_zYaLQev5Wc7aYNj,anonymous,EN,Yes,Yes,Very frequently,Yes,Very frequently,Yes,Strongly Disagree,Agree,Neutral,Disagree,Somewhat uncomfortable,Neutral,Strongly Agree,Neutral,Neutral,Unaware,Unsure,2003,German,Female,
04/12/2023 10:20,04/12/2023 10:23,IP Address,100,163,TRUE,04/12/2023 10:23,R_1n8ZVwm6FeAI4N6,anonymous,EN,Yes,Yes,Occasionally,Yes,Frequently,Yes,Disagree,Agree,Neutral,Disagree,Somewhat uncomfortable,Somewhat Unlikely,Neutral,Agree,Disagree,Aware,Unsure,2005,Dutch,Female,
04/12/2023 12:07,04/12/2023 12:17,IP Address,100,600,TRUE,04/12/2023 12:17,R_1hF3E8RBgV6aFgC,anonymous,EN,Yes,Yes,Very frequently,No,,Unsure,Disagree,Agree,Disagree,Neutral,Neutral,Somewhat Unlikely,Agree,Disagree,Neutral,Aware,Unsure,2003,Dutch,Male,
04/12/2023 23:35,04/12/2023 23:38,IP Address,100,220,TRUE,04/12/2023 23:38,R_122RvJANXFXxsIh,anonymous,EN,Yes,Yes,Occasionally,Yes,Frequently,Yes,Agree,Strongly Agree,Agree,Agree,Somewhat uncomfortable,Somewhat Unlikely,Agree,Agree,Disagree,Unaware,Yes,2005,Dutch,Male,
05/12/2023 4:42,05/12/2023 4:44,IP Address,100,118,TRUE,05/12/2023 4:44,R_3FIl4mkvPZr257t,anonymous,EN,Yes,Yes,Frequently,Yes,Very frequently,Unsure,Disagree,Disagree,Disagree,Disagree,Somewhat uncomfortable,Neutral,Agree,Neutral,Neutral,Very unaware,Unsure,2004,Albanian,Female,
05/12/2023 4:48,05/12/2023 4:51,IP Address,100,170,TRUE,05/12/2023 4:51,R_YRgSzKdySuU1Mv7,anonymous,EN,Yes,Yes,Very frequently,Yes,Very frequently,Yes,Disagree,Agree,Disagree,Disagree,Somewhat uncomfortable,Somewhat Likely,Agree,Neutral,Agree,Unaware,Yes,2005,Italian,Female,
05/12/2023 8:35,05/12/2023 8:37,IP Address,100,123,TRUE,05/12/2023 8:37,R_2qlzgCSln1v5MLp,anonymous,EN,Yes,Yes,Occasionally,Yes,Occasionally,Unsure,Neutral,Strongly Agree,Neutral,Neutral,Neutral,Somewhat Unlikely,Agree,Strongly Disagree,Neutral,Aware,Unsure,2005,Colombian,Male,
06/12/2023 3:31,06/12/2023 3:41,IP Address,100,632,TRUE,06/12/2023 3:41,R_3Dd8E5EyZmxXbL6,anonymous,EN,Yes,Yes,Very frequently,Yes,Frequently,Yes,Disagree,Disagree,Strongly Disagree,Neutral,Somewhat uncomfortable,Somewhat Unlikely,Agree,Disagree,Disagree,Unaware,Yes,2001,Italian,Male,
06/12/2023 3:32,06/12/2023 3:53,IP Address,100,1282,TRUE,06/12/2023 3:53,R_1i3VlfZQqz8JKJQ,anonymous,EN,Yes,Yes,Very frequently,Yes,Occasionally,Yes,Neutral,Disagree,Strongly Disagree,Neutral,Somewhat uncomfortable,Somewhat Unlikely,Agree,Agree,Disagree,Unaware,Yes,2004,Dutch,Female,
06/12/2023 6:41,06/12/2023 6:42,IP Address,100,44,TRUE,06/12/2023 6:42,R_3fUl94bKqFDSCe7,anonymous,EN,Yes,No,,,,,,,,,,,,,,,,,,,
29/11/2023 7:02,29/11/2023 7:04,IP Address,30,142,FALSE,06/12/2023 7:04,R_2w6QsUnhaM6X7gH,anonymous,EN,Yes,,,,,,,,,,,,,,,,,,,,
29/11/2023 7:15,29/11/2023 7:16,IP Address,30,75,FALSE,06/12/2023 7:16,R_3gMaHuKJYqgimHR,anonymous,EN,Yes,,,,,,,,,,,,,,,,,,,,
29/11/2023 7:17,29/11/2023 7:18,IP Address,65,74,FALSE,06/12/2023 7:18,R_esb5eF2QhkbDnZD,anonymous,EN,Yes,,Frequently,Yes,Very frequently,No,,,,,,,,,,,,,,,
29/11/2023 8:15,29/11/2023 8:15,IP Address,30,28,FALSE,06/12/2023 8:15,R_1pu08MZfdI91fZv,anonymous,EN,Yes,,,,,,,,,,,,,,,,,,,,
29/11/2023 8:39,29/11/2023 8:40,IP Address,50,46,FALSE,06/12/2023 8:40,R_3KILcNsXFH50Ljc,anonymous,EN,Yes,,Frequently,No,,Yes,,,,,,,,,,,,,,,
06/12/2023 14:15,06/12/2023 14:16,IP Address,100,22,TRUE,06/12/2023 14:16,R_1IyGLUT3JBXyj6e,anonymous,EN,Yes,No,,,,,,,,,,,,,,,,,,,
07/12/2023 4:14,07/12/2023 4:14,IP Address,100,26,TRUE,07/12/2023 4:14,R_DDe51UAa8EX84kF,anonymous,EN,Yes,No,,,,,,,,,,,,,,,,,,,
07/12/2023 5:17,07/12/2023 5:19,IP Address,100,145,TRUE,07/12/2023 5:19,R_1Q4RFP6uB5miizX,anonymous,EN,Yes,Yes,Very frequently,Yes,Frequently,Unsure,Agree,Agree,Disagree,Agree,Somewhat uncomfortable,Somewhat Likely,Strongly Agree,Disagree,Neutral,Aware,No,2003,Canadian,Non-binary,
07/12/2023 5:32,07/12/2023 5:32,IP Address,100,16,TRUE,07/12/2023 5:32,R_24Dd3ZOZt86M1EW,anonymous,EN,Yes,No,,,,,,,,,,,,,,,,,,,
07/12/2023 5:53,07/12/2023 5:54,IP Address,100,11,TRUE,07/12/2023 5:54,R_3hyxXdeQbpb7iQa,anonymous,EN,Yes,No,,,,,,,,,,,,,,,,,,,
07/12/2023 5:55,07/12/2023 5:55,IP Address,100,21,TRUE,07/12/2023 5:55,R_1jjnYzgx6e3DNZe,anonymous,EN,Yes,No,,,,,,,,,,,,,,,,,,,
07/12/2023 6:18,07/12/2023 6:20,IP Address,100,104,TRUE,07/12/2023 6:20,R_3NzchcygV842zEb,anonymous,EN,Yes,Yes,Very frequently,Yes,Frequently,Yes,Disagree,Agree,Disagree,Strongly Disagree,Somewhat uncomfortable,Somewhat Likely,Agree,Agree,Disagree,Unaware,Unsure,2004,Dutch,Female,
07/12/2023 6:32,07/12/2023 6:34,IP Address,100,92,TRUE,07/12/2023 6:34,R_uvO11BXgyEG7Gox,anonymous,EN,Yes,No,,,,,,,,,,,,,,,,,,,
07/12/2023 6:37,07/12/2023 6:41,IP Address,100,258,TRUE,07/12/2023 6:41,R_SJlvlq8fKAfEk49,anonymous,EN,Yes,Yes,Occasionally,Yes,Occasionally,Yes,Neutral,Strongly Agree,Disagree,Neutral,Neutral,Very Unlikely,Neutral,Strongly Disagree,Disagree,Aware,Unsure,1992,Dutch,Male,
07/12/2023 6:49,07/12/2023 6:51,IP Address,100,106,TRUE,07/12/2023 6:51,R_2yllYzTLToVHSpn,anonymous,EN,Yes,Yes,Very frequently,Yes,Very frequently,Yes,Disagree,Agree,Disagree,Neutral,Extremely uncomfortable,Very Unlikely,Agree,Neutral,Disagree,Very unaware,Unsure,2003,Dutch,Female,
07/12/2023 7:26,07/12/2023 7:29,IP Address,100,134,TRUE,07/12/2023 7:29,R_26ankvINAwdIlBa,anonymous,EN,Yes,Yes,Very frequently,Yes,Very frequently,Unsure,Disagree,Disagree,Agree,Agree,Somewhat uncomfortable,Very Unlikely,Agree,Disagree,Agree,Unaware,No,2005,Indian,Male,
07/12/2023 7:27,07/12/2023 7:30,IP Address,100,206,TRUE,07/12/2023 7:30,R_3jTnzVme07XU5r1,qr,EN,Yes,Yes,Frequently,Yes,Occasionally,Yes,Disagree,Disagree,Disagree,Disagree,Somewhat uncomfortable,Somewhat Unlikely,Agree,Neutral,Disagree,Unaware,Yes,2002,Dutch,Male,
07/12/2023 7:34,07/12/2023 7:34,IP Address,100,47,TRUE,07/12/2023 7:34,R_3NUvxBnHIxyiSeE,anonymous,EN,Yes,No,,,,,,,,,,,,,,,,,,,
07/12/2023 7:48,07/12/2023 7:49,IP Address,100,61,TRUE,07/12/2023 7:49,R_3nV5DaXNnR8XKtB,anonymous,EN,Yes,No,,,,,,,,,,,,,,,,,,,
07/12/2023 7:51,07/12/2023 7:52,IP Address,100,31,TRUE,07/12/2023 7:52,R_302bzBBhEfrwqYR,anonymous,EN,Yes,No,,,,,,,,,,,,,,,,,,,
07/12/2023 7:55,07/12/2023 7:59,IP Address,100,220,TRUE,07/12/2023 7:59,R_2rwnWQQKMzbt2C3,anonymous,EN,Yes,Yes,Very frequently,Yes,Occasionally,Unsure,Disagree,Agree,Strongly Disagree,Neutral,Somewhat comfortable,Somewhat Unlikely,Agree,Strongly Disagree,Disagree,Unaware,No,2005,Turkish,Female,
07/12/2023 8:04,07/12/2023 8:07,IP Address,100,187,TRUE,07/12/2023 8:07,R_110X0OlQ2tAM6kv,anonymous,EN,Yes,Yes,Frequently,Yes,Occasionally,Unsure,Disagree,Agree,Disagree,Disagree,Neutral,Somewhat Likely,Agree,Agree,Neutral,Very unaware,Unsure,2005,French,Male,
07/12/2023 8:05,07/12/2023 8:07,IP Address,100,135,TRUE,07/12/2023 8:07,R_798fWTjrPGtavPH,anonymous,EN,Yes,Yes,Occasionally,Yes,Rarely,Yes,Neutral,Disagree,Neutral,Disagree,Somewhat uncomfortable,Somewhat Unlikely,Neutral,Neutral,Neutral,Neutral,Unsure,2004,Chinese,Male,
07/12/2023 8:21,07/12/2023 8:23,IP Address,100,121,TRUE,07/12/2023 8:23,R_10GTR66qIj7tDhw,anonymous,EN,Yes,Yes,Very frequently,Yes,Very frequently,Unsure,Disagree,Disagree,Strongly Disagree,Strongly Agree,Somewhat uncomfortable,Somewhat Unlikely,Strongly Agree,Agree,Disagree,Very unaware,No,2004,Swiss,Male,
07/12/2023 8:24,07/12/2023 8:28,IP Address,100,244,TRUE,07/12/2023 8:28,R_2RWFu8kPHOqxFGK,anonymous,EN,Yes,Yes,Frequently,Yes,Occasionally,Unsure,Strongly Disagree,Strongly Disagree,Strongly Disagree,Neutral,Extremely uncomfortable,Somewhat Unlikely,Agree,Agree,Agree,Unaware,Yes,2003,Dutch,Male,
07/12/2023 8:28,07/12/2023 8:33,IP Address,100,309,TRUE,07/12/2023 8:33,R_3lK3Bxp4JB1lmhV,anonymous,EN,Yes,Yes,Occasionally,Yes,Occasionally,Unsure,Agree,Neutral,Neutral,Neutral,Somewhat comfortable,Somewhat Likely,Agree,Disagree,Agree,Neutral,Unsure,2000,Dutch,Male,
07/12/2023 8:35,07/12/2023 8:37,IP Address,100,114,TRUE,07/12/2023 8:37,R_2OHnl7F4Yn4zsg6,anonymous,EN,Yes,Yes,Occasionally,Yes,Occasionally,Unsure,Neutral,Disagree,Agree,Agree,Neutral,Very Unlikely,Agree,Disagree,Agree,Unaware,Unsure,2004,Swedish,Male,
07/12/2023 8:42,07/12/2023 8:45,IP Address,100,162,TRUE,07/12/2023 8:45,R_6lgUxNuimrOMvhD,anonymous,EN,Yes,Yes,Frequently,Yes,Occasionally,Unsure,Agree,Disagree,Strongly Disagree,Agree,Neutral,Very Unlikely,Agree,Strongly Disagree,Disagree,Unaware,Unsure,2005,Dutch,Male,
07/12/2023 9:04,07/12/2023 9:06,IP Address,100,110,TRUE,07/12/2023 9:06,R_3khyMWqhtvcCepP,anonymous,EN,Yes,Yes,Very frequently,Yes,Very frequently,Yes,Disagree,Agree,Neutral,Neutral,Extremely uncomfortable,Somewhat Likely,Agree,Agree,Disagree,Very unaware,Yes,2003,British,Male,
07/12/2023 9:07,07/12/2023 9:08,IP Address,100,35,TRUE,07/12/2023 9:08,R_3EoGedFV4YlxAJH,anonymous,EN,Yes,No,,,,,,,,,,,,,,,,,,,
07/12/2023 9:13,07/12/2023 9:18,IP Address,100,272,TRUE,07/12/2023 9:18,R_1F3vZQRz0jGV2EE,anonymous,EN,Yes,Yes,Frequently,Yes,Occasionally,No,Disagree,Agree,Strongly Disagree,Disagree,Somewhat uncomfortable,Somewhat Unlikely,Agree,Agree,Disagree,Very unaware,Yes,2003,Indian,Male,
07/12/2023 9:28,07/12/2023 9:30,IP Address,100,126,TRUE,07/12/2023 9:30,R_12hWcfz304M7qZZ,anonymous,EN,Yes,Yes,Rarely,Yes,Frequently,Unsure,Disagree,Strongly Disagree,Strongly Disagree,Agree,Neutral,Very Unlikely,Agree,Disagree,Neutral,Aware,No,1998,Dutch,Female,
07/12/2023 9:35,07/12/2023 9:35,IP Address,100,28,TRUE,07/12/2023 9:35,R_1DLIZm8f8AG9t0t,anonymous,EN,No,,,,,,,,,,,,,,,,,,,,
07/12/2023 10:20,07/12/2023 10:22,IP Address,100,144,TRUE,07/12/2023 10:22,R_3hneK77k7KQSDWJ,anonymous,EN,Yes,Yes,Frequently,Yes,Frequently,No,Disagree,Disagree,Neutral,Disagree,Somewhat comfortable,Very Unlikely,Agree,Disagree,Neutral,Neutral,Unsure,2005,Turkish,Male,
07/12/2023 11:30,07/12/2023 11:32,IP Address,100,99,TRUE,07/12/2023 11:32,R_1QGWVsfpl4uPKQW,qr,EN,Yes,Yes,Very frequently,Yes,Very frequently,Yes,Neutral,Strongly Agree,Neutral,Agree,Somewhat uncomfortable,Neutral,Strongly Agree,Strongly Agree,Disagree,Very unaware,Unsure,2005,Bulgarian,Female,
07/12/2023 11:30,07/12/2023 11:32,IP Address,100,133,TRUE,07/12/2023 11:32,R_2DN2Cb05FNeNG0n,qr,EN,Yes,Yes,Very frequently,Yes,Very frequently,Unsure,Disagree,Agree,Disagree,Disagree,Neutral,Somewhat Likely,Agree,Neutral,Disagree,Unaware,Yes,2004,Indian,Female,
07/12/2023 11:30,07/12/2023 11:34,IP Address,100,282,TRUE,07/12/2023 11:34,R_3nBDT37qJP9oXGN,qr,EN,Yes,Yes,Occasionally,Yes,Frequently,No,Disagree,Neutral,Disagree,Disagree,Neutral,Somewhat Unlikely,Agree,Neutral,Neutral,Unaware,Unsure,2005,Indian,Female,
07/12/2023 11:53,07/12/2023 11:53,IP Address,100,27,TRUE,07/12/2023 11:53,R_1eLZAHiMRzIsJXX,anonymous,EN,Yes,No,,,,,,,,,,,,,,,,,,,
07/12/2023 12:03,07/12/2023 12:04,IP Address,100,97,TRUE,07/12/2023 12:04,R_T6K9gC62HSgrpsJ,anonymous,EN,Yes,Yes,Very frequently,Yes,Frequently,Unsure,Neutral,Agree,Neutral,Agree,Somewhat uncomfortable,Somewhat Likely,Strongly Agree,Agree,Strongly Disagree,Neutral,Unsure,2003,American,Female,
07/12/2023 13:33,07/12/2023 13:35,IP Address,100,134,TRUE,07/12/2023 13:36,R_3P6R7neOl0qyaCV,anonymous,EN,Yes,Yes,Frequently,Yes,Occasionally,Unsure,Strongly Disagree,Strongly Disagree,Strongly Disagree,Disagree,Extremely uncomfortable,Somewhat Unlikely,Agree,Agree,Strongly Disagree,Aware,Yes,2005,Dutch,Non-binary,
07/12/2023 13:44,07/12/2023 13:51,IP Address,100,453,TRUE,07/12/2023 13:51,R_3QKsYWsk3y5rdry,anonymous,EN,Yes,Yes,Very frequently,Yes,Occasionally,Unsure,Neutral,Strongly Agree,Neutral,Neutral,Somewhat comfortable,Somewhat Likely,Strongly Disagree,Strongly Agree,Neutral,Very unaware,No,2003,Polish,Male,
07/12/2023 14:24,07/12/2023 14:24,IP Address,100,42,TRUE,07/12/2023 14:24,R_1IgxmtKRm7838kT,anonymous,EN,Yes,No,,,,,,,,,,,,,,,,,,,
07/12/2023 15:26,07/12/2023 15:27,IP Address,100,42,TRUE,07/12/2023 15:27,R_3n5WciREh49r8hH,anonymous,EN,Yes,No,,,,,,,,,,,,,,,,,,,
07/12/2023 15:58,07/12/2023 16:01,IP Address,100,129,TRUE,07/12/2023 16:01,R_2R4vwSqvGvQsIbf,anonymous,EN,Yes,Yes,Frequently,Yes,Occasionally,Unsure,Agree,Disagree,Neutral,Agree,Somewhat uncomfortable,Neutral,Neutral,Disagree,Disagree,Unaware,Unsure,2004,Spanish,Male,
07/12/2023 17:51,07/12/2023 17:54,IP Address,100,169,TRUE,07/12/2023 17:54,R_Y62vPsoehsUiVVv,anonymous,EN,Yes,Yes,Occasionally,Yes,Very rarely,Yes,Neutral,Disagree,Strongly Disagree,Strongly Agree,Neutral,Very Unlikely,Strongly Agree,Strongly Disagree,Disagree,Unaware,Unsure,1997,Dutch,Female,
07/12/2023 19:57,07/12/2023 20:01,IP Address,100,198,TRUE,07/12/2023 20:01,R_zdSCZXf59CxFJkJ,anonymous,EN,Yes,No,,,,,,,,,,,,,,,,,,,
08/12/2023 0:36,08/12/2023 0:37,IP Address,100,22,TRUE,08/12/2023 0:37,R_2zbSpw4KlIgdytZ,anonymous,EN,Yes,No,,,,,,,,,,,,,,,,,,,
08/12/2023 2:48,08/12/2023 2:52,IP Address,100,270,TRUE,08/12/2023 2:52,R_3KIx2xIV03cj0j7,anonymous,EN,Yes,Yes,Rarely,Yes,Occasionally,Unsure,Agree,Strongly Disagree,Neutral,Neutral,Neutral,Very Unlikely,Neutral,Strongly Disagree,Agree,Aware,No,2005,Dutch,Male,
08/12/2023 3:42,08/12/2023 3:42,IP Address,100,26,TRUE,08/12/2023 3:42,R_10Mj7xlPJFx1vmm,anonymous,EN,Yes,No,,,,,,,,,,,,,,,,,,,
08/12/2023 4:11,08/12/2023 4:14,IP Address,100,214,TRUE,08/12/2023 4:14,R_30x88XiMLy1jErG,qr,EN,Yes,Yes,Frequently,No,,No,Disagree,Strongly Disagree,Disagree,Neutral,Somewhat comfortable,Somewhat Unlikely,Neutral,Disagree,Neutral,Unaware,Unsure,2001,Dutch,Male,
08/12/2023 6:13,08/12/2023 6:15,IP Address,100,114,TRUE,08/12/2023 6:15,R_SCtlKsvy8G8Drxf,anonymous,EN,Yes,Yes,Frequently,Yes,Very frequently,Unsure,Strongly Disagree,Agree,Disagree,Disagree,Somewhat uncomfortable,Somewhat Unlikely,Neutral,Agree,Strongly Disagree,Unaware,Yes,1991,British,Male,
08/12/2023 6:42,08/12/2023 6:42,IP Address,100,19,TRUE,08/12/2023 6:42,R_z0F6GQuxjafPK1P,qr,EN,Yes,No,,,,,,,,,,,,,,,,,,,
08/12/2023 6:50,08/12/2023 6:50,IP Address,100,20,TRUE,08/12/2023 6:50,R_C3MJziJVKAOwrTz,qr,EN,Yes,No,,,,,,,,,,,,,,,,,,,
08/12/2023 7:50,08/12/2023 7:54,IP Address,100,185,TRUE,08/12/2023 7:54,R_5duOcc3UNw4l4HL,qr,EN,Yes,Yes,Very frequently,Yes,Very frequently,Unsure,Disagree,Disagree,Disagree,Agree,Somewhat uncomfortable,Somewhat Unlikely,Agree,Neutral,Agree,Very unaware,Yes,2001,French,Male,
08/12/2023 7:50,08/12/2023 8:10,IP Address,100,1187,TRUE,08/12/2023 8:10,R_334l6vuDOElhKDw,qr,EN,Yes,Yes,Very frequently,Yes,Frequently,Unsure,Disagree,Strongly Agree,Neutral,Neutral,Somewhat uncomfortable,Somewhat Unlikely,Agree,Agree,Disagree,Very unaware,Yes,2000,Italian,Female,
08/12/2023 8:48,08/12/2023 8:51,IP Address,100,199,TRUE,08/12/2023 8:51,R_1nTRNv1TflMbM2q,qr,EN,Yes,Yes,Occasionally,No,,Unsure,Neutral,Agree,Agree,Agree,Somewhat comfortable,Somewhat Likely,Agree,Agree,Disagree,Very unaware,Unsure,2002,Slovak,Male,
08/12/2023 8:51,08/12/2023 8:53,IP Address,100,89,TRUE,08/12/2023 8:53,R_214hb3fARkNH4jp,anonymous,EN,Yes,Yes,Frequently,Yes,Frequently,Unsure,Neutral,Disagree,Neutral,Agree,Somewhat uncomfortable,Somewhat Unlikely,Agree,Neutral,Neutral,Aware,Unsure,2002,Romanian,Female,
08/12/2023 10:51,08/12/2023 10:52,IP Address,100,51,TRUE,08/12/2023 10:52,R_RQbWYuUOW4qyRBD,anonymous,EN,Yes,No,,,,,,,,,,,,,,,,,,,
08/12/2023 16:36,08/12/2023 16:37,IP Address,100,20,TRUE,08/12/2023 16:37,R_1hzhaF6cYZmq4vc,anonymous,EN,Yes,No,,,,,,,,,,,,,,,,,,,
09/12/2023 1:36,09/12/2023 1:36,IP Address,100,12,TRUE,09/12/2023 1:36,R_1HnLlls0OiWXpyw,anonymous,EN,Yes,No,,,,,,,,,,,,,,,,,,,
09/12/2023 4:15,09/12/2023 4:15,IP Address,100,32,TRUE,09/12/2023 4:15,R_2YVVv3DcEZGWFJL,anonymous,EN,Yes,No,,,,,,,,,,,,,,,,,,,
09/12/2023 8:43,09/12/2023 8:43,IP Address,100,16,TRUE,09/12/2023 8:43,R_9QWOTPnAimD9AoV,anonymous,EN,Yes,No,,,,,,,,,,,,,,,,,,,
10/12/2023 2:24,10/12/2023 2:28,IP Address,100,210,TRUE,10/12/2023 2:28,R_1msVv5ZVDaVspae,anonymous,EN,Yes,Yes,Frequently,Yes,Occasionally,Unsure,Neutral,Neutral,Disagree,Neutral,Somewhat comfortable,Somewhat Likely,Disagree,Neutral,Disagree,Aware,Unsure,1996,Dutch,Female,
10/12/2023 4:41,10/12/2023 4:41,IP Address,100,33,TRUE,10/12/2023 4:41,R_31L52lYkw4uXPaV,anonymous,EN,Yes,No,,,,,,,,,,,,,,,,,,,
10/12/2023 6:04,10/12/2023 6:06,IP Address,100,108,TRUE,10/12/2023 6:06,R_0j2punXVVavH45z,anonymous,EN,Yes,Yes,Occasionally,Yes,Occasionally,Unsure,Neutral,Neutral,Neutral,Agree,Neutral,Neutral,Neutral,Disagree,Neutral,Unaware,Unsure,2004,Vietnamese,Male,
10/12/2023 13:05,10/12/2023 13:06,IP Address,100,75,TRUE,10/12/2023 13:06,R_1IWrAjWxu6oVxY6,anonymous,EN,Yes,Yes,Occasionally,Yes,Occasionally,Unsure,Neutral,Neutral,Neutral,Neutral,Somewhat uncomfortable,Very Likely,Agree,Agree,Agree,Unaware,Unsure,1997,Canadian,Female,
04/12/2023 4:24,04/12/2023 4:27,IP Address,44,193,FALSE,11/12/2023 4:27,R_Xojz7mrznBVb4U9,anonymous,EN,Yes,Yes,Occasionally,No,,Unsure,,,,,,,,,,,,,,,
11/12/2023 5:38,11/12/2023 5:40,IP Address,100,124,TRUE,11/12/2023 5:40,R_bQM3NL6wuMd6yVb,anonymous,EN,Yes,Yes,Very frequently,Yes,Frequently,Unsure,Strongly Disagree,Disagree,Strongly Disagree,Strongly Disagree,Extremely uncomfortable,Very Likely,Strongly Agree,Strongly Agree,Neutral,Very unaware,Yes,2004,Indian,Female,
11/12/2023 6:35,11/12/2023 6:39,IP Address,100,221,TRUE,11/12/2023 6:39,R_2YhbnUXdYFt5oOa,anonymous,EN,Yes,Yes,Frequently,No,,Unsure,Disagree,Neutral,Strongly Disagree,Neutral,Neutral,Very Unlikely,Agree,Disagree,Neutral,Very unaware,Unsure,2003,Indian,Female,
11/12/2023 6:46,11/12/2023 6:47,IP Address,100,87,TRUE,11/12/2023 6:47,R_3PaxH5wZiBq9pXn,anonymous,EN,Yes,Yes,Very frequently,Yes,Very frequently,Unsure,Strongly Disagree,Strongly Disagree,Strongly Disagree,Neutral,Somewhat uncomfortable,Very Likely,Neutral,Strongly Agree,Strongly Agree,Very unaware,Unsure,2004,Indian,Female,
04/12/2023 7:01,04/12/2023 7:08,IP Address,50,385,FALSE,11/12/2023 7:08,R_2dMwnjVl2PDnkZE,anonymous,EN,Yes,Yes,Occasionally,Yes,Occasionally,Unsure,Neutral,Neutral,Neutral,Neutral,,,,,,,,,,,
04/12/2023 7:09,04/12/2023 7:10,IP Address,44,61,FALSE,11/12/2023 7:10,R_qBYWlBGkfCJBFKh,anonymous,EN,Yes,Yes,Frequently,Yes,Frequently,Yes,,,,,,,,,,,,,,,
04/12/2023 7:08,04/12/2023 7:10,IP Address,44,65,FALSE,11/12/2023 7:10,R_3fNzI71YaXwvteX,anonymous,EN,Yes,Yes,Frequently,Yes,Frequently,Unsure,,,,,,,,,,,,,,,
11/12/2023 7:22,11/12/2023 7:26,IP Address,100,268,TRUE,11/12/2023 7:26,R_3n0MRcrQShp7KxM,anonymous,EN,Yes,Yes,Very frequently,Yes,Occasionally,Yes,Agree,Agree,Agree,Agree,Somewhat comfortable,Somewhat Likely,Agree,Agree,Agree,Very unaware,Unsure,1998,Dutch,Male,
11/12/2023 7:56,11/12/2023 8:01,IP Address,100,306,TRUE,11/12/2023 8:01,R_5BWPHke4Vrvlys9,qr,EN,Yes,Yes,Frequently,Yes,Occasionally,Unsure,Disagree,Neutral,Strongly Disagree,Neutral,Somewhat uncomfortable,Neutral,Strongly Agree,Disagree,Agree,Unaware,Unsure,2003,Dutch,Female,
04/12/2023 8:08,04/12/2023 8:08,IP Address,19,11,FALSE,11/12/2023 8:17,R_3Paw5wewMo4TWwI,anonymous,EN,Yes,Yes,,,,,,,,,,,,,,,,,,,
11/12/2023 8:46,11/12/2023 8:46,IP Address,100,23,TRUE,11/12/2023 8:46,R_28OnJDXlh0B41uR,anonymous,EN,Yes,No,,,,,,,,,,,,,,,,,,,
11/12/2023 9:31,11/12/2023 9:33,IP Address,100,130,TRUE,11/12/2023 9:33,R_uyuHRIqBsr7vgQh,qr,EN,Yes,Yes,Frequently,Yes,Occasionally,Yes,Strongly Disagree,Disagree,Strongly Disagree,Strongly Disagree,Extremely uncomfortable,Somewhat Likely,Agree,Agree,Disagree,Very unaware,Yes,2004,Polish,Female,
11/12/2023 14:12,11/12/2023 14:15,IP Address,100,182,TRUE,11/12/2023 14:15,R_1IiqRonvE7bfUoe,anonymous,EN,Yes,Yes,Frequently,Yes,Frequently,No,Strongly Disagree,Strongly Disagree,Neutral,Disagree,Somewhat uncomfortable,Somewhat Unlikely,Agree,Neutral,Disagree,Unaware,Yes,2004,Indian,Female,
04/12/2023 7:00,05/12/2023 2:23,IP Address,44,69823,FALSE,12/12/2023 2:23,R_3FIMKRx9c1m03NC,anonymous,EN,Yes,Yes,Frequently,Yes,Rarely,No,,,,,,,,,,,,,,,
12/12/2023 5:24,12/12/2023 5:28,IP Address,100,275,TRUE,12/12/2023 5:28,R_1FEaYUpuyFcQjCa,qr,EN,Yes,Yes,Occasionally,Yes,Frequently,No,Disagree,Disagree,Neutral,Disagree,Somewhat uncomfortable,Somewhat Unlikely,Agree,Neutral,Disagree,Aware,Yes,1999,Indian,Male,
12/12/2023 5:26,12/12/2023 5:30,IP Address,100,251,TRUE,12/12/2023 5:30,R_9NtK9vKmu5qsJ0J,anonymous,EN,Yes,Yes,Rarely,Yes,Occasionally,Unsure,Disagree,Agree,Disagree,Disagree,Somewhat uncomfortable,Somewhat Likely,Agree,Neutral,Agree,Very unaware,Unsure,2003,South African,Female,
12/12/2023 5:31,12/12/2023 5:33,IP Address,100,129,TRUE,12/12/2023 5:33,R_1k16DNTKJ4KR2hd,anonymous,EN,Yes,Yes,Frequently,Yes,Occasionally,Unsure,Strongly Disagree,Neutral,Disagree,Neutral,Neutral,Neutral,Agree,Neutral,Strongly Agree,Unaware,Unsure,1994,Finnish,Female,
12/12/2023 5:31,12/12/2023 5:33,IP Address,100,150,TRUE,12/12/2023 5:33,R_1HpkuR0MRZr2ATp,anonymous,EN,Yes,Yes,Very frequently,Yes,Very frequently,Yes,Neutral,Strongly Agree,Strongly Disagree,Disagree,Extremely uncomfortable,Somewhat Likely,Agree,Strongly Agree,Strongly Disagree,Very unaware,Yes,2004,American,Female,
12/12/2023 5:31,12/12/2023 5:36,IP Address,100,331,TRUE,12/12/2023 5:36,R_3lLbVveZ4HSXuup,qr,EN,Yes,Yes,Frequently,Yes,Occasionally,Unsure,Agree,Neutral,Neutral,Agree,Somewhat uncomfortable,Somewhat Unlikely,Agree,Neutral,Disagree,Unaware,Unsure,2004,Portuguese,Male,
12/12/2023 5:33,12/12/2023 5:40,IP Address,100,383,TRUE,12/12/2023 5:40,R_1nNtWruvpZjKG2e,anonymous,EN,Yes,Yes,Occasionally,Yes,Frequently,Unsure,Disagree,Agree,Disagree,Disagree,Somewhat uncomfortable,Very Likely,Strongly Agree,Disagree,Agree,Neutral,Unsure,1999,Turkish,Female,
12/12/2023 5:34,12/12/2023 5:46,IP Address,100,741,TRUE,12/12/2023 5:46,R_3dTh9se0FyR6ndu,anonymous,EN,Yes,Yes,Very frequently,Yes,Very frequently,Yes,Agree,Agree,Strongly Disagree,Agree,Extremely uncomfortable,Very Likely,Strongly Agree,Strongly Agree,Strongly Disagree,Very unaware,Yes,2002,Dutch,Female,
12/12/2023 5:35,12/12/2023 5:47,IP Address,100,712,TRUE,12/12/2023 5:47,R_ByMLMBFVuj47NNT,anonymous,EN,Yes,Yes,Frequently,No,,Unsure,Agree,Strongly Disagree,Strongly Agree,Agree,Neutral,Neutral,Agree,Neutral,Agree,Very aware,Unsure,1997,Albanian,Female,
12/12/2023 5:41,12/12/2023 5:57,IP Address,100,992,TRUE,12/12/2023 5:57,R_SCPNPum7NWux5p7,qr,EN,Yes,Yes,Occasionally,Yes,Occasionally,No,Disagree,Disagree,Disagree,Disagree,Extremely comfortable,Somewhat Likely,Agree,Neutral,Disagree,Aware,Yes,2004,Filipino,Female,
12/12/2023 5:52,12/12/2023 6:01,IP Address,100,547,TRUE,12/12/2023 6:01,R_8CU1MWHozIWJpnj,anonymous,EN,Yes,Yes,Very frequently,Yes,Very frequently,Yes,Neutral,Strongly Agree,Neutral,Neutral,Somewhat comfortable,Very Likely,Agree,Disagree,Strongly Agree,Aware,Unsure,1999,Dutch,Female,
